UNITED STATES,brewpub,brewer tap room,bar
Alabama,,Good People Brewing Company,The Nook
Alaska,Mooses Tooth Pub and Pizzeria,Midnight Sun Brewing Company,Humpy’s Great Alaskan Alehouse
Arizona,Papago Brewing Company,Dragoon Brewing Co. Tap Room,Angel’s Trumpet Ale House
Arkansas,,Diamond Bear Brewing Company,Flying Saucer Draught Emporium - Little Rock
California,Beachwood BBQ and Brewing,The Bruery,Churchill’s Pub and Grille
Colorado,Trinity Brewpub,Avery Brewing Company,Falling Rock Tap House
Connecticut,Willimantic Brewing Company and Main Street Cafe,OEC Brewing (Ordinem Ecentrici Coctores),Cask Republic
Delaware,Dogfish Head Brewing & Eats,Dogfish Head Brewery,Two Stones Pub
Florida,Redlight Redlight Beer Parlour & Brewery,Cigar City Brewing,Mermaid Juice
Georgia,Wrecking Bar Brewpub,Terrapin Beer Company,Brick Store Pub
Hawaii,Kona Brewing Company - Kailua,,REAL a gastropub
Idaho,Sockeye Grill & Brewery - Cole Rd,Laughing Dog Brewing,BitterCreek Ale House
Illinois,Revolution Brewing Company - Milwaukee Ave Brewpub,Lagunitas Chicago Taproom,Local Option
Indiana,New Albanian Brewing Company Pizzeria and Public House,New Day Craft Mead & Cider,Trion Tavern
Iowa,Exile Brewing Company,Toppling Goliath,El Bait Shop
Kansas,Free State Brewing Company,,
Kentucky,Ei8ht Ball Brewing,Country Boy Brewery,Holy Grale
Louisiana,,NOLA Brewing Co.,Avenue Pub
Maine,Liquid Riot Bottling Company,Maine Beer Company,Novare Res Bier Café
Maryland,Evolution Craft Brewing Company - Public House,Burley Oak Brewery,Max’s Taphouse
Massachusetts,Cambridge Brewing Company,Jack’s Abby Brewing,Armsby Abbey
Michigan,HopCat,Founders Brewing Company,Ashley’s
Minnesota,Minneapolis Town Hall Brewery,Surly Brewing Company,The Happy Gnome
Missouri,Schlafly Tap Room - Saint Louis Brewery,Side Project Cellar,Bridge Tap House & Wine Bar
Montana,Tamarack Brewing Company,Angry Hank’s Micro Brewery,The Rhinoceros
Nebraska,Upstream Brewing Company (Old Market),,Crescent Moon Alehouse (Huber Haus & Max and Joes)
Nevada,Brasserie Saint James,Banger Brewing Company,Aces & Ales (Tenaya Way)
New Hampshire,Portsmouth Brewery,Smuttynose Brewing Company (Hayseed restaurant),Strange Brew
New Jersey,Iron Hill Maple Shade,Kane Brewing Company,Andy’s Corner Bar
New Mexico,Marble Brewery,La Cumbre Brewing Co.,
New York,The Peekskill Brewery,Newburgh Brewing Company,Tørst (Torst)
North Carolina,Wicked Weed Brewing,Wicked Weed Funkatorium,Thirsty Monk Brewery & Pub
North Dakota,,Laughing Sun Brewing Company,JL Beers - Fargo
Ohio,Jackie O’s Brewpub & Public House,Jackie O’s Production Facility & Taproom,Tremont Tap House
Oklahoma,Pete’s Place Restaurant & Brewery,,RePUBlic Gastropub
Oregon,Cascade Brewing Barrel House,Hair of the Dog Brewing Company,Belmont Station
Pennsylvania,Tired Hands Brewing Company - Brew Cafe,Weyerbacher Brewing Company,Capones Restaurant
Rhode Island,,,The Malted Barley
South Carolina,Edmund’s Oast,Westbrook Brewing Company,Flying Saucer Draught Emporium - Columbia
Tennessee,Terminal BrewHouse,Yazoo Brewing Company,Flying Saucer Draught Emporium - Nashville
Texas,Draught House Pub and Brewery,Jester King Brewery,Craft and Growler
Utah,Squatters BrewPub (SLC Brewing),Epic Brewing Company,The Bayou
Vermont,American Flatbread Burlington Hearth / Zero Gravity Craft Brewery,Hill Farmstead Brewery,Blackback Pub
Virginia,Blue Mountain Brewery and Hop Farm,Strangeways Brewing,The Birch
Washington,Naked City Taphouse,Reuben’s Brews,Brouwer’s Cafe
Washington DC,The Arsenal at Bluejacket,DC Brau,The Sovereign
Wisconsin,Vintage Brewing Company,New Glarus Brewing,Sugar Maple
Wyoming,Snake River Brewing Co.,Thai Me Up Restaurant & Brewery,